<?xml version="1.0"?>
<doc>
    <assembly>
        <name>BookStore-API</name>
    </assembly>
    <members>
        <member name="T:BookStore_API.Controllers.AuthorsControlller">
            <summary>
            Endpoint  used to interact with the authors in the books store's database
            </summary>
        </member>
        <member name="T:BookStore_API.Controllers.HomeController">
            <summary>
            Test API Controller
            </summary>
        </member>
        <member name="M:BookStore_API.Controllers.HomeController.Get">
            <summary>
            Get Values
            </summary>
            <returns></returns>
        </member>
        <member name="M:BookStore_API.Controllers.HomeController.Get(System.Int32)">
            <summary>
            Get a Value
            </summary>
            <param name="id"></param>
            <returns></returns>
        </member>
        <member name="M:BookStore_API.Controllers.HomeController.Post(System.String)">
            <summary>
            
            </summary>
            <param name="value"></param>
        </member>
        <member name="M:BookStore_API.Controllers.HomeController.Put(System.Int32,System.String)">
            <summary>
            
            </summary>
            <param name="id"></param>
            <param name="value"></param>
        </member>
        <member name="M:BookStore_API.Controllers.HomeController.Delete(System.Int32)">
            <summary>
            
            </summary>
            <param name="id"></param>
        </member>
    </members>
</doc>
